field,from,to,type,RefDate,original
Municipio,Grão Pará,Grão-Pará,translation,2021-02-18,GRAO PARA
Municipio,Atílio Vivacqua,Atílio Vivácqua,translation,2020-09-11,ATILIO VIVACQUA
Municipio,Pingo d'Água,Pingo-d'Água,translation,2020-09-11,PINGODAGUA
Municipio,Amparo de São Francisco,Amparo do São Francisco,translation,2020-07-14,AMPARO DE SAO FRANCISCO
Municipio,Ererê,Ereré,translation,2020-01-21,ERERE
Municipio,Fortaleza do Tabocão,Tabocão,translation,2019-09-26,FORTALEZA DO TABOCAO
Municipio,São Thomé das Letras,São Tomé das Letras,translation,2019-09-23,SAO THOME DAS LETRAS
Municipio,Augusto Severo,Campo Grande,translation,2019-06-12,AUGUSTO SEVERO
Municipio,Xavantes,Chavantes,translation,2019-06-11,CHAVANTES
Municipio,Dona Eusébia,Dona Euzébia,translation,2019-03-19,DONA EUSEBIA
Municipio,São Luís do Paraitinga,São Luiz do Paraitinga,translation,2017-06-05,SAO LUIS DO PARAITINGA
Municipio,Trajano de Morais,Trajano de Moraes,translation,2016-11-30,TRAJANO DE MORAES
Municipio,Araças,Araçás,translation,2016-09-01,ARACAS
Municipio,Biritiba-Mirim,Biritiba Mirim,translation,2016-09-01,BIRITIBAMIRIM
Municipio,Florínia,Florínea,translation,2016-09-01,FLORINIA
Municipio,Itaóca,Itaoca,translation,2016-09-01,ITAOCA
Municipio,Iuiú,Iuiu,translation,2016-09-01,IUIU
Municipio,Lauro Muller,Lauro Müller,translation,2016-09-01,LAURO MULLER
Municipio,Muquém de São Francisco,Muquém do São Francisco,translation,2016-09-01,MUQUEM DE SAO FRANCISCO
Municipio,Passa-Vinte,Passa Vinte,translation,2016-09-01,PASSAVINTE
Municipio,São Cristovão do Sul,São Cristóvão do Sul,translation,2016-09-01,SAO CRISTOVAO DO SUL
Municipio,São Vicente Ferrer,São Vicente Férrer,translation,2016-09-01,SAO VICENTE FERRER
Municipio,Trajano de Moraes,Trajano de Morais,translation,2016-09-01,TRAJANO DE MORAES
Municipio,Restinga Seca,Restinga Sêca,translation,2016-05-13,RESTINGA SECA
Municipio,São Luíz do Norte,São Luiz do Norte,translation,2016-05-13,SAO LUIZ DO NORTE
Municipio,Vespasiano Correa,Vespasiano Corrêa,translation,2016-05-13,VESPASIANO CORREA
Municipio,Westfalia,Westfália,translation,2016-05-13,WESTFALIA
Municipio,Poxoréo,Poxoréu,translation,2015-10-29,POXOREO
Municipio,Quixabá,Quixaba,translation,2015-09-21,QUIXABA
Municipio,Itapagé,Itapajé,translation,2015-09-08,ITAPAGE
Municipio,Moji Mirim,Mogi Mirim,translation,2014-12-16,MOGI MIRIM
Municipio,Presidente Juscelino,Serra Caiada,translation,2014-02-25,SERRA CAIADA
Municipio,Santa Isabel do Pará,Santa Izabel do Pará,translation,2014-01-01,SANTA IZABEL DO PARA
Municipio,Embu,Embu das Artes,translation,2011-09-06,EMBU DAS ARTES
Municipio,Santarém,Joca Claudino,translation,2010-11-09,JOCA CLAUDINO
Municipio,Campo de Santana,Tacima,translation,2009-12-23,TACIMA
Municipio,Brasópolis,Brazópolis,translation,2009-01-12,BRAZOPOLIS
Municipio,São Valério da Natividade,São Valério,translation,2007-12-14,SAO VALERIO
Municipio,Belém de São Francisco,Belém do São Francisco,translation,2007-04-04,BELEM DE SAO FRANCISCO
Municipio,Parati,Paraty,translation,2007-03-22,PARATY
Municipio,Piçarras,Balneário Piçarras,translation,2004-07-20,BALNEARIO PICARRAS
Municipio,Vila Alta,Alto Paraíso,translation,2004-02-18,ALTO PARAISO
Municipio,Presidente Castelo Branco,Presidente Castello Branco,translation,2003-12-22,PRESIDENTE CASTELLO BRANCO
Municipio,Moji das Cruzes,Mogi das Cruzes,translation,2003-09-09,MOGI DAS CRUZES
Municipio,Moji-Mirim,Moji Mirim,translation,2003-09-09,Moji Mirim
Municipio,Governador Lomanto Júnior,Barro Preto,translation,2003-05-21,BARRO PRETO
Municipio,São Domingos de Pombal,São Domingos,translation,2003-03-17,SAO DOMINGOS
Municipio,São Miguel de Touros,São Miguel do Gostoso,translation,2001-05-04,SAO MIGUEL DO GOSTOSO
Municipio,Itabirinha de Mantena,Itabirinha,translation,2001-01-11,ITABIRINHA
Municipio,Piraçununga,Pirassununga,translation,1999-09-08,PIRASSUNUNGA
Municipio,Piuí,Piumhi,translation,1998-07-15,PIUMHI
Municipio,São Miguel D'Oeste,São Miguel do Oeste,translation,1998-05-22,SAO MIGUEL DO OESTE
Municipio,Mosquito,Palmeiras do Tocantins,translation,1998-04-02,PALMEIRAS DO TOCANTINS
Municipio,São Bento de Pombal,São Bentinho,translation,1997-12-10,SAO BENTINHO
Municipio,Armação de Búzios,Armação dos Búzios,translation,1997-11-10,ARMACAO DOS BUZIOS
Municipio,Jamari,Itapuã do Oeste,translation,1997-10-24,ITAPUA DO OESTE
Municipio,Santa Cecília do Umbuzeiro,Santa Cecília,translation,1997-06-03,SANTA CECILIA
Municipio,Petrônio Portela,Nova Santa Rita,translation,1997-05-21,NOVA SANTA RITA
Municipio,Assis Chateaubriand,Riachão do Bacamarte,translation,1997-05-12,ASSIS CHATEAUBRIAND
Municipio,Tacima,Campo de Santana,translation,1996-10-01,TACIMA
Municipio,Moji Guaçu,Mogi Guaçu,translation,1996-08-02,MOGI GUACU
Municipio,Cabo,Cabo de Santo Agostinho,translation,1994-05-19,CABO DE SANTO AGOSTINHO
Municipio,Cacaieiros,Novo Horizonte do Oeste,translation,1994-01-11,NOVO HORIZONTE DO OESTE
Municipio,Vila Nova do Mamoré,Nova Mamoré,translation,1993-12-17,NOVA MAMORE
Municipio,Amapari,Pedra Branca do Amapari,translation,1993-12-06,PEDRA BRANCA DO AMAPARI
Municipio,Água Branca do Amapari,Serra do Navio,translation,1993-06-22,SERRA DO NAVIO
Municipio,São Manoel,São Manoel do Paraná,translation,1993-05-05,SAO MANOEL DO PARANA
Municipio,Brochier do Maratá,Brochier,translation,1993-04-22,BROCHIER
Municipio,Santa Rosa,Santa Rosa do Purus,translation,1992-12-09,SANTA ROSA DO PURUS
Municipio,Tunas,Tunas do Paraná,translation,1992-12-07,TUNAS DO PARANA
Municipio,Vila Branca,Doutor Ulysses,translation,1992-12-07,DOUTOR ULYSSES
Municipio,São João,São João do Oeste,translation,1992-10-06,SAO JOAO DO OESTE
Municipio,Barra do Sul,Balneário Barra do Sul,translation,1992-05-17,BALNEARIO BARRA DO SUL
Municipio,Boqueirão dos Cochos,Igaracy,translation,1992-01-07,IGARACY
